name,type,path
AgentSkillParser,Module,AgentSkillParser.md
AgentSkillParser.parse,Method,AgentSkillParser.md#method-c-parse
allowed_tools,Attribute,AgentSkillParser.md#attribute-i-allowed_tools
body,Attribute,AgentSkillParser.md#attribute-i-body
compatibility,Attribute,AgentSkillParser.md#attribute-i-compatibility
description,Attribute,AgentSkillParser.md#attribute-i-description
frontmatter,Attribute,AgentSkillParser.md#attribute-i-frontmatter
license,Attribute,AgentSkillParser.md#attribute-i-license
metadata,Attribute,AgentSkillParser.md#attribute-i-metadata
name,Attribute,AgentSkillParser.md#attribute-i-name
pattern,Attribute,AgentSkillParser.md#attribute-i-pattern
AgentSkillParser::Errors,Module,AgentSkillParser/Errors.md
AgentSkillParser::Skill,Class,AgentSkillParser/Skill.md
AgentSkillParser::Skill.description,Method,AgentSkillParser/Skill.md#method-i-description
AgentSkillParser::Skill.name,Method,AgentSkillParser/Skill.md#method-i-name
body,Attribute,AgentSkillParser/Skill.md#attribute-i-body
frontmatter,Attribute,AgentSkillParser/Skill.md#attribute-i-frontmatter
AgentSkillParser::Parser,Class,AgentSkillParser/Parser.md
AgentSkillParser::Parser.call,Method,AgentSkillParser/Parser.md#method-i-call
AgentSkillParser::Parser.initialize,Method,AgentSkillParser/Parser.md#method-i-initialize
AgentSkillParser::Validator,Class,AgentSkillParser/Validator.md
AgentSkillParser::Validator.call,Method,AgentSkillParser/Validator.md#method-i-call
AgentSkillParser::Validator.initialize,Method,AgentSkillParser/Validator.md#method-i-initialize
AgentSkillParser::Errors::Base,Class,AgentSkillParser/Errors/Base.md
AgentSkillParser::Frontmatter,Class,AgentSkillParser/Frontmatter.md
allowed_tools,Attribute,AgentSkillParser/Frontmatter.md#attribute-i-allowed_tools
compatibility,Attribute,AgentSkillParser/Frontmatter.md#attribute-i-compatibility
description,Attribute,AgentSkillParser/Frontmatter.md#attribute-i-description
license,Attribute,AgentSkillParser/Frontmatter.md#attribute-i-license
metadata,Attribute,AgentSkillParser/Frontmatter.md#attribute-i-metadata
name,Attribute,AgentSkillParser/Frontmatter.md#attribute-i-name
AgentSkillParser::AllowedTool,Class,AgentSkillParser/AllowedTool.md
name,Attribute,AgentSkillParser/AllowedTool.md#attribute-i-name
pattern,Attribute,AgentSkillParser/AllowedTool.md#attribute-i-pattern
AgentSkillParser::Errors::Parser,Class,AgentSkillParser/Errors/Parser.md
AgentSkillParser::DocumentSplitter,Class,AgentSkillParser/DocumentSplitter.md
AgentSkillParser::DocumentSplitter.call,Method,AgentSkillParser/DocumentSplitter.md#method-i-call
AgentSkillParser::DocumentSplitter.initialize,Method,AgentSkillParser/DocumentSplitter.md#method-i-initialize
body,Attribute,AgentSkillParser/DocumentSplitter.md#attribute-i-body
yaml_string,Attribute,AgentSkillParser/DocumentSplitter.md#attribute-i-yaml_string
AgentSkillParser::DocumentSplitter::RawYamlDocument,Class,AgentSkillParser/DocumentSplitter/RawYamlDocument.md
body,Attribute,AgentSkillParser/DocumentSplitter/RawYamlDocument.md#attribute-i-body
yaml_string,Attribute,AgentSkillParser/DocumentSplitter/RawYamlDocument.md#attribute-i-yaml_string
AgentSkillParser::Errors::Validation,Class,AgentSkillParser/Errors/Validation.md
AgentSkillParser::FrontmatterParser,Class,AgentSkillParser/FrontmatterParser.md
AgentSkillParser::FrontmatterParser.call,Method,AgentSkillParser/FrontmatterParser.md#method-i-call
AgentSkillParser::FrontmatterParser.initialize,Method,AgentSkillParser/FrontmatterParser.md#method-i-initialize
AgentSkillParser::AllowedToolsParser,Class,AgentSkillParser/AllowedToolsParser.md
AgentSkillParser::AllowedToolsParser.call,Method,AgentSkillParser/AllowedToolsParser.md#method-i-call
AgentSkillParser::AllowedToolsParser.initialize,Method,AgentSkillParser/AllowedToolsParser.md#method-i-initialize
